{
  "main": [
    {
      "name": "Home",
      "url": "/"
    },
    {
      "name": "About",
      "url": "/about"
    },
    {
      "name": "Elements",
      "url": "/elements"
    },
    {
      "name": "Pages",
      "url": "",
      "hasChildren": true,
      "children": [
        {
          "name": "Contact",
          "url": "/contact"
        },
        {
          "name": "Blog",
          "url": "/blog"
        },
        {
          "name": "Authors",
          "url": "/authors"
        },
        {
          "name": "Categories",
          "url": "/categories"
        },
        {
          "name": "Search",
          "url": "/search"
        },
        {
          "name": "404 Page",
          "url": "/404"
        }
      ]
    }
  ],
  "footer": [
    {
      "name": "Elements",
      "url": "/elements"
    },
    {
      "name": "Privacy Policy",
      "url": "/privacy-policy"
    }
  ]
}
